{
    "0,0": [
        -3.605388367965464,
        -1.3365625755504713,
        -1.9,
        -2.899508694436321
    ],
    "0,1": [
        0.0,
        0.0,
        0.0,
        0.0
    ],
    "0,2": [
        -4.345390037406748,
        -1.3726139670982676,
        -10.184098449992959,
        -1.4456709110807264
    ],
    "0,3": [
        -4.326673171831129,
        -1.253994535221378,
        -1.467996682770925,
        -1.1463700244684119
    ],
    "0,4": [
        -5.489796708988959,
        -1.0689821230223544,
        -1.142046016327385,
        -1.0771384986072217
    ],
    "0,5": [
        -4.186708922449,
        -1.1208455053110933,
        -1.0057162704011036,
        -0.9426832178947946
    ],
    "0,6": [
        -5.513835410647236,
        -0.889880966271732,
        -0.9185713016473565,
        1.7626433163307644
    ],
    "0,7": [
        -4.427912735285476,
        1.0490148909723043,
        -0.9731193410103091,
        7.52352219640435
    ],
    "0,8": [
        -1.4285177205945547,
        6.093432516785257,
        4.415794471290084,
        8.899944419712066
    ],
    "0,9": [
        -0.10243747058097483,
        7.8024212804817505,
        7.789128285444027,
        9.999999999999993
    ],
    "0,10": [
        0.0,
        0.0,
        0.0,
        0.0
    ],
    "1,0": [
        -1.2999091579373843,
        -1.3702787040414424,
        -1.9581498406966937,
        -4.182626507935633
    ],
    "1,1": [
        0.0,
        0.0,
        0.0,
        0.0
    ],
    "1,2": [
        -1.4558484527493425,
        -1.403675444470023,
        -11.209019553048035,
        -1.3241444840429892
    ],
    "1,3": [
        -1.2177971801035279,
        -1.3003851150995478,
        -1.2136707605543582,
        -1.2551118985936938
    ],
    "1,4": [
        -1.0506121938409763,
        -6.358589452412689,
        -1.113461795479824,
        -1.1761057742246954
    ],
    "1,5": [
        -1.0578792013639544,
        -6.336740871149728,
        -1.069194411054664,
        -0.49546003634911673
    ],
    "1,6": [
        -0.8536055788685606,
        -0.12727233415199835,
        -0.9911346283219923,
        4.174282771996355
    ],
    "1,7": [
        3.6003995892576217,
        3.694401162478211,
        1.413132259019559,
        6.728415587226706
    ],
    "1,8": [
        7.773959667345311,
        5.66012004342079,
        5.637632737563875,
        7.81099999999998
    ],
    "1,9": [
        8.899999999999945,
        6.732889999999976,
        6.732889999999761,
        8.899999999999984
    ],
    "1,10": [
        9.999999999999993,
        7.81099999999998,
        7.81099999999998,
        -0.1000000000000068
    ],
    "2,0": [
        -1.3019546959965833,
        -1.3123063905004422,
        -5.505220985960135,
        -1.3433962699365178
    ],
    "2,1": [
        -5.316137087326111,
        -1.4051426662834186,
        -1.2685992423035388,
        -1.3247915366277563
    ],
    "2,2": [
        -1.5884484936285683,
        -1.313713219883058,
        -1.2705773370757463,
        -1.2702149345751303
    ],
    "2,3": [
        -1.2745980969746245,
        -1.3450125998555627,
        -1.3461155504741258,
        -8.106151843560191
    ],
    "2,4": [
        0.0,
        0.0,
        0.0,
        0.0
    ],
    "2,5": [
        0.0,
        0.0,
        0.0,
        0.0
    ],
    "2,6": [
        -0.3172707144473999,
        -0.13153279615637414,
        -7.805161853138025,
        3.6479971980103416
    ],
    "2,7": [
        5.108568621704721,
        3.2457681725955743,
        1.0336391733111812,
        5.665504579809788
    ],
    "2,8": [
        6.732819992335014,
        4.608826009328725,
        4.608035187129187,
        6.732889999999976
    ],
    "2,9": [
        7.81099999999998,
        5.665561099999973,
        5.665561099999973,
        7.81099999999998
    ],
    "2,10": [
        8.899999999999984,
        6.732889999999976,
        6.732889999999976,
        -1.189000000000017
    ],
    "3,0": [
        -1.3504571293357295,
        -1.427747267587447,
        -6.033980580310766,
        -1.4674633324517836
    ],
    "3,1": [
        -1.3968551146971324,
        -1.5225460840047709,
        -1.4962598362825223,
        -1.4081044145762616
    ],
    "3,2": [
        -1.3346448199790233,
        -8.63291293495729,
        -1.4592324053694952,
        -1.316736783565354
    ],
    "3,3": [
        -1.4309123588899069,
        -7.440660997452636,
        -1.3288168832848126,
        -1.3510714777343122
    ],
    "3,4": [
        -8.29936853498825,
        -1.4043310682698766,
        -1.4370031562619543,
        -1.4727182617679677
    ],
    "3,5": [
        -10.113143119516387,
        -1.4384962092456568,
        -1.5087316035834837,
        -1.084469964764206
    ],
    "3,6": [
        -0.7112994978950706,
        -1.7158283035690576,
        -1.4767567683058418,
        3.098406982138687
    ],
    "3,7": [
        4.4603063177030595,
        -10.2645674983181,
        1.1405756782314722,
        4.608903455789399
    ],
    "3,8": [
        5.665556491045439,
        -9.391093325406523,
        3.5627987247133803,
        5.665561099999973
    ],
    "3,9": [
        6.732889999999976,
        4.608905488999969,
        4.608905488999969,
        6.732889999999976
    ],
    "3,10": [
        7.81099999999998,
        5.665561099999973,
        5.665561099999973,
        -2.267110000000021
    ],
    "4,0": [
        -1.4233515174367533,
        -1.519124330575196,
        -6.449468332649559,
        -1.5289021112854018
    ],
    "4,1": [
        -1.5192168599767055,
        -1.5356398472989714,
        -1.584324936188922,
        -8.989423914512939
    ],
    "4,2": [
        0.0,
        0.0,
        0.0,
        0.0
    ],
    "4,3": [
        0.0,
        0.0,
        0.0,
        0.0
    ],
    "4,4": [
        -1.4951292856404688,
        -1.5776130106193031,
        -9.048111817970582,
        -1.4014092891425098
    ],
    "4,5": [
        -1.5180000424867846,
        -7.336623895672891,
        -1.4793952923257894,
        -1.4221251356476434
    ],
    "4,6": [
        -0.8669930279283099,
        -0.7543801714462521,
        -1.5490533690871071,
        -9.01855828483826
    ],
    "4,7": [
        0.0,
        0.0,
        0.0,
        0.0
    ],
    "4,8": [
        0.0,
        0.0,
        0.0,
        0.0
    ],
    "4,9": [
        5.665561099999973,
        3.562816434109968,
        -9.391094511000034,
        5.665561099999973
    ],
    "4,10": [
        6.732889999999976,
        4.608905488999969,
        4.608905488999969,
        -3.334438900000025
    ],
    "5,0": [
        -1.4397097870502846,
        -1.4149844571521162,
        -5.077180782145572,
        -1.5959067609397337
    ],
    "5,1": [
        -1.5688385762940333,
        -8.196710648481206,
        -1.5249178565773318,
        -1.6936382956201328
    ],
    "5,2": [
        -10.777824547742153,
        -1.6582744922419912,
        -1.6562274192070432,
        -1.7441944970555405
    ],
    "5,3": [
        -9.76838009686556,
        -1.7920023989773892,
        -1.6440038292563415,
        -1.6121444834886764
    ],
    "5,4": [
        -1.5671713239408602,
        -1.825424886675412,
        -1.5502515212519905,
        -8.299345283728334
    ],
    "5,5": [
        0.0,
        0.0,
        0.0,
        0.0
    ],
    "5,6": [
        -1.8885776850925964,
        -1.748957544032249,
        -12.15260062112632,
        1.494204777350159
    ],
    "5,7": [
        -12.492568338436268,
        0.4674188390898997,
        0.43904862317271337,
        2.5271882697688497
    ],
    "5,8": [
        -11.47281173023114,
        -11.47281173023114,
        1.501916387070509,
        3.562816434109968
    ],
    "5,9": [
        4.608905488999969,
        2.5271882697688666,
        2.5271882697688666,
        4.608905488999969
    ],