{
    "0,0": [
        0.0,
        0.0,
        0.0,
        0.0
    ],
    "0,1": [
        -7.053794729425082,
        -8.647673864943329,
        -5.736070901418712,
        -3.179637216187295
    ],
    "0,2": [
        -6.954867872837075,
        -3.187806829068694,
        -3.1746074376126017,
        -3.1394336384941086
    ],
    "0,3": [
        -8.654337958456539,
        -10.926428113320187,
        -3.1837388368594945,
        -3.099232093462456
    ],
    "0,4": [
        -6.8436590045246115,
        -10.987732527962825,
        -3.1530158374007566,
        -3.078232712510295
    ],
    "0,5": [
        -9.581375062495137,
        -11.797283766242504,
        -3.139413202634514,
        -3.0655939267670074
    ],
    "0,6": [
        -4.6352657552809475,
        -8.814179209006538,
        -3.1007195377143675,
        -9.444154671646249
    ],
    "0,7": [
        0.0,
        0.0,
        0.0,
        0.0
    ],
    "0,8": [
        -1.189000000000017,
        6.732889999999976,
        -6.1890000000000125,
        8.899999999999984
    ],
    "0,9": [
        -0.1000000000000068,
        7.81099999999998,
        7.81099999999998,
        9.999999999999993
    ],
    "0,10": [
        0.0,
        0.0,
        0.0,
        0.0
    ],
    "1,0": [
        -7.668119407717886,
        -3.1176522322571283,
        -6.525577697127649,
        -5.718220737555225
    ],
    "1,1": [
        0.0,
        0.0,
        0.0,
        0.0
    ],
    "1,2": [
        -3.159635447754601,
        -3.180808358598484,
        -12.851286634793059,
        -9.703631410943016
    ],
    "1,3": [
        0.0,
        0.0,
        0.0,
        0.0
    ],
    "1,4": [
        0.0,
        0.0,
        0.0,
        0.0
    ],
    "1,5": [
        0.0,
        0.0,
        0.0,
        0.0
    ],
    "1,6": [
        0.0,
        0.0,
        0.0,
        0.0
    ],
    "1,7": [
        -8.334438900000016,
        4.608905488999969,
        -8.33443890000003,
        6.732889999999976
    ],
    "1,8": [
        7.81099999999998,
        5.665561099999973,
        5.665561099999973,
        7.81099999999998
    ],
    "1,9": [
        8.899999999999984,
        -6.18900000000002,
        6.732889999999976,
        8.899999999999984
    ],
    "1,10": [
        9.999999999999993,
        -5.100000000000003,
        7.81099999999998,
        -0.1000000000000068
    ],
    "2,0": [
        -3.099120702084597,
        -3.1246599928633767,
        -7.899203286060912,
        -3.1213138962628086
    ],
    "2,1": [
        -15.233459365967661,
        -15.672005349799734,
        -3.047534157486846,
        -3.0879054516827336
    ],
    "2,2": [
        -3.1667210699828416,
        -10.816963813983502,
        -3.0573710012559006,
        -3.0191205010185462
    ],
    "2,3": [
        -9.555521905063449,
        -12.61107710722114,
        -3.052095787348839,
        -1.772321449240641
    ],
    "2,4": [
        -10.16179244152315,
        -11.347042423956523,
        -2.8817863474454546,
        1.5607139889211177
    ],
    "2,5": [
        -11.514710464044104,
        0.38114285057581426,
        -0.9467924177797375,
        3.562573191071553
    ],
    "2,6": [
        -10.437185004876332,
        2.5271849091986813,
        2.524585859591269,
        4.608905488999969
    ],
    "2,7": [
        5.665561099999973,
        3.562816434109968,
        3.562816434109968,
        5.665561099999973
    ],
    "2,8": [
        6.732889999999976,
        4.608905488999969,
        4.608905488999969,
        -8.33443890000003
    ],
    "2,9": [
        0.0,
        0.0,
        0.0,
        0.0
    ],
    "2,10": [
        0.0,
        0.0,
        0.0,
        0.0
    ],
    "3,0": [
        -3.1188559269222993,
        -6.7075553304369855,
        -7.177137013761031,
        -6.702030181996903
    ],
    "3,1": [
        0.0,
        0.0,
        0.0,
        0.0
    ],
    "3,2": [
        0.0,
        0.0,
        0.0,
        0.0
    ],
    "3,3": [
        0.0,
        0.0,
        0.0,
        0.0
    ],
    "3,4": [
        0.0,
        0.0,
        0.0,
        0.0
    ],
    "3,5": [
        0.9535401606325262,
        -1.324287053949817,
        -12.900273095965344,
        2.527123085940164
    ],
    "3,6": [
        3.562679921464486,
        -11.47273603097817,
        1.5003392016102632,
        3.562816434109968
    ],
    "3,7": [
        4.608905488999969,
        -10.437183565890038,
        2.5271882697688666,
        4.608905488999969
    ],
    "3,8": [
        5.665561099999973,
        -9.391094511000034,
        3.562816434109968,
        3.562816434109968
    ],
    "3,9": [
        -10.437183565890038,
        -10.437183565890038,
        4.608905488999969,
        2.5271882697688666
    ],
    "3,10": [
        -11.47281173023114,
        1.501916387071177,
        3.562816434109968,
        -6.472811730231136
    ],
    "4,0": [
        0.0,
        0.0,
        0.0,
        0.0
    ],
    "4,1": [
        -7.800833724590357,
        -4.062001041676514,
        -9.911994868155928,
        -10.966273222504931
    ],
    "4,2": [
        0.0,
        0.0,
        0.0,
        0.0
    ],
    "4,3": [
        -12.462793286444953,
        -4.053156597296622,
        -13.29543298105493,
        -4.024470285582602
    ],
    "4,4": [
        -15.502537257997739,
        -4.241372080485227,
        -3.9169007212589295,
        -3.1127391167665968
    ],
    "4,5": [
        1.1048113496299135,
        -3.7784740462454653,
        -3.972062402762257,
        -15.56850868024665
    ],
    "4,6": [
        0.0,
        0.0,
        0.0,
        0.0
    ],
    "4,7": [
        0.0,
        0.0,
        0.0,
        0.0
    ],
    "4,8": [
        0.0,
        0.0,
        0.0,
        0.0
    ],
    "4,9": [
        0.0,
        0.0,
        0.0,
        0.0
    ],
    "4,10": [
        2.5271882697688666,
        0.4868972232004649,
        -12.49808361292883,
        -7.498083612928825
    ],
    "5,0": [
        0.0,
        0.0,
        0.0,
        0.0
    ],
    "5,1": [
        -4.065732338080924,
        -11.53287220715614,
        -14.193620063286758,
        -4.287457482818873
    ],
    "5,2": [
        -15.702344127326272,
        -15.97950427764843,
        -4.243565079468141,
        -4.2079128374490455
    ],
    "5,3": [
        -4.171884281038674,
        -16.6054721125866,
        -4.161081738753592,
        -4.095009550541392
    ],
    "5,4": [
        -4.1974450365493166,
        -16.82976241408519,
        -4.184004339667704,
        -3.9181492762988683
    ],
    "5,5": [
        -1.662185723438719,
        -4.4032156931586215,
        -4.571264561562151,
        -4.534570206612292
    ],
    "5,6": [
        -15.801873717063607,
        -4.873724883312688,
        -4.389267756932572,
        -4.777026903322825
    ],
    "5,7": [
        -17.663327248611168,
        -4.3417261919411745,
        -5.048458536225811,
        -17.20033742024562
    ],
    "5,8": [
        0.0,
        0.0,
        0.0,
        0.0
    ],
    "5,9": [
        -14.517971749031549,
        -1.5127920315412258,
        -14.517971749031549,
        0.4868972232004649
    ],
    "5,10": [
        1.501916387071177,
        -13.513102776799542,
        -0.5179717490315403,
        -8.513102776799542
    ],
    "6,0": [
        0.0,
        0.0,
        0.0,
        0.0
    ],
    "6,1": [
        0.0,
        0.0,
        0.0,
        0.0
    ],
    "6,2": [
        0.0,
        0.0,
        0.0,
        0.0
    ],
    "6,3": [
        0.0,
        0.0,
        0.0,
        0.0
    ],
    "6,4": [
        0.0,
        0.0,
        0.0,
        0.0
    ],
    "6,5": [
        -4.2454071574631005,
        -4.8325452751777185,
        -16.522078879078883,
        -4.755156328050109
    ],
    "6,6": [
        -5.0961674723093635,
        -17.622635437762302,
        -5.155128860563494,
        -4.471297597704576
    ],